review_id,section,start,end,type,which,chosen,rule,annotator_a,annotator_b
1089,title,8,16,span_only_one_annotator,b_only,size,union_keep,,
1480,review,23,45,span_only_one_annotator,a_only,included_items,union_keep,,
1480,review,23,110,span_only_one_annotator,b_only,included_items,union_keep,,
1569,desc,0,7,label_conflict,,size,prefer_more_frequent,size,quantity
1731,desc,145,207,label_conflict,,insulation,prefer_more_frequent,temperature_rating,insulation
1736,title,39,44,span_only_one_annotator,b_only,size,union_keep,,
1826,title,39,43,span_only_one_annotator,b_only,size,union_keep,,
1888,review,0,18,span_only_one_annotator,b_only,seller_description_accuracy,union_keep,,
1902,desc,50,88,span_only_one_annotator,a_only,build_quality,union_keep,,
1902,desc,62,87,span_only_one_annotator,b_only,material,union_keep,,
1902,review,0,40,span_only_one_annotator,a_only,compatibility,union_keep,,
1902,review,41,96,span_only_one_annotator,a_only,compatibility,union_keep,,
1902,review,97,210,span_only_one_annotator,a_only,size,union_keep,,
1902,review,211,286,span_only_one_annotator,a_only,stability,union_keep,,
1902,review,270,285,span_only_one_annotator,b_only,stability,union_keep,,
2025,title,38,46,span_only_one_annotator,b_only,capacity,union_keep,,
2775,review,0,2,span_only_one_annotator,b_only,overall,union_keep,,
2874,title,19,36,span_only_one_annotator,b_only,design,union_keep,,
2874,review,0,122,span_only_one_annotator,b_only,performance,union_keep,,
2874,review,260,348,span_only_one_annotator,a_only,performance,union_keep,,
2953,title,33,38,span_only_one_annotator,b_only,color,union_keep,,
2953,review,34,44,span_only_one_annotator,b_only,durability,union_keep,,
2953,review,46,69,span_only_one_annotator,a_only,durability,union_keep,,
3048,title,8,15,span_only_one_annotator,b_only,size,union_keep,,
3179,desc,360,384,span_only_one_annotator,a_only,material,union_keep,,
3179,desc,448,471,label_conflict,,material,prefer_more_frequent,portability,material
3179,desc,540,586,label_conflict,,size,prefer_more_frequent,size,portability
3179,desc,1233,1288,label_conflict,,size,prefer_more_frequent,weight,size
3179,desc,1620,1633,label_conflict,,weight,prefer_more_frequent,adjustability,weight
3179,desc,1660,1716,span_only_one_annotator,b_only,adjustability,union_keep,,
3179,review,0,14,span_only_one_annotator,b_only,overall,union_keep,,
3200,title,8,15,span_only_one_annotator,b_only,size,union_keep,,
3908,desc,114,144,span_only_one_annotator,a_only,design,union_keep,,
3908,desc,292,296,span_only_one_annotator,b_only,material,union_keep,,
3908,desc,292,306,span_only_one_annotator,a_only,material,union_keep,,
3908,review,79,149,span_only_one_annotator,a_only,ease_of_use,union_keep,,
3908,review,151,235,span_only_one_annotator,a_only,size,union_keep,,
3908,review,236,291,span_only_one_annotator,a_only,portability,union_keep,,
3908,review,281,291,span_only_one_annotator,b_only,ease_of_use,union_keep,,
3908,review,294,319,label_conflict,,size,prefer_more_frequent,material,size
3908,review,320,366,span_only_one_annotator,b_only,portability,union_keep,,
3908,review,400,436,span_only_one_annotator,b_only,design,union_keep,,
3916,desc,0,23,span_only_one_annotator,a_only,ease_of_use,union_keep,,
3916,desc,33,48,span_only_one_annotator,a_only,material,union_keep,,
3916,desc,53,66,span_only_one_annotator,a_only,material,union_keep,,
3916,desc,114,144,span_only_one_annotator,a_only,design,union_keep,,
3916,desc,176,193,span_only_one_annotator,a_only,ease_of_use,union_keep,,
3916,desc,197,234,span_only_one_annotator,b_only,ease_of_use,union_keep,,
3916,desc,270,280,span_only_one_annotator,b_only,size,union_keep,,
3916,desc,270,306,span_only_one_annotator,a_only,portability,union_keep,,
3916,desc,292,306,span_only_one_annotator,a_only,storage,union_keep,,
3916,review,0,103,span_only_one_annotator,a_only,build_quality,union_keep,,
3916,review,15,27,span_only_one_annotator,b_only,build_quality,union_keep,,
3916,review,87,102,span_only_one_annotator,b_only,performance,union_keep,,
3916,review,104,192,span_only_one_annotator,a_only,durability,union_keep,,
3916,review,193,244,span_only_one_annotator,a_only,size,union_keep,,
3916,review,203,230,span_only_one_annotator,b_only,size,union_keep,,
3916,review,245,285,span_only_one_annotator,a_only,size,union_keep,,
3916,review,257,284,span_only_one_annotator,b_only,size,union_keep,,
3916,review,286,342,span_only_one_annotator,a_only,price,union_keep,,
3916,review,295,341,span_only_one_annotator,b_only,price,union_keep,,
3916,review,344,431,span_only_one_annotator,a_only,storage,union_keep,,
4132,title,33,39,span_only_one_annotator,b_only,quantity,union_keep,,
4132,desc,652,679,label_conflict,,stability,prefer_non_generic,performance,stability
4132,desc,725,742,span_only_one_annotator,b_only,material,union_keep,,
4132,desc,749,767,span_only_one_annotator,a_only,material,union_keep,,
4132,desc,783,813,span_only_one_annotator,a_only,material,union_keep,,
4132,desc,1265,1271,span_only_one_annotator,b_only,material,union_keep,,
4141,desc,53,59,span_only_one_annotator,b_only,material,union_keep,,
4141,desc,53,66,span_only_one_annotator,a_only,material,union_keep,,
4141,desc,58,66,span_only_one_annotator,b_only,material,union_keep,,
4141,desc,114,144,span_only_one_annotator,a_only,design,union_keep,,
4141,desc,176,193,span_only_one_annotator,a_only,ease_of_use,union_keep,,
4141,desc,270,280,span_only_one_annotator,b_only,size,union_keep,,
4141,desc,292,306,span_only_one_annotator,a_only,design,union_keep,,
4141,review,27,59,span_only_one_annotator,a_only,build_quality,union_keep,,
4141,review,38,59,span_only_one_annotator,b_only,build_quality,union_keep,,
4141,review,77,103,span_only_one_annotator,a_only,build_quality,union_keep,,
4141,review,91,103,span_only_one_annotator,b_only,build_quality,union_keep,,
4141,review,104,125,span_only_one_annotator,a_only,durability,union_keep,,
4141,review,142,201,span_only_one_annotator,a_only,price,union_keep,,
4141,review,142,202,span_only_one_annotator,b_only,price,union_keep,,
4236,desc,0,23,span_only_one_annotator,b_only,ease_of_use,union_keep,,
4236,desc,33,38,span_only_one_annotator,b_only,material,union_keep,,
4236,desc,33,48,span_only_one_annotator,a_only,material,union_keep,,
4236,desc,33,48,span_only_one_annotator,a_only,material,union_keep,,
4236,desc,53,59,span_only_one_annotator,b_only,material,union_keep,,
4236,desc,53,66,span_only_one_annotator,a_only,material,union_keep,,
4236,desc,53,66,span_only_one_annotator,a_only,material,union_keep,,
4236,desc,114,144,span_only_one_annotator,a_only,ease_of_use,union_keep,,
4236,desc,114,144,span_only_one_annotator,a_only,storage,union_keep,,
4236,desc,176,193,span_only_one_annotator,a_only,ease_of_use,union_keep,,
4236,desc,176,234,span_only_one_annotator,a_only,ease_of_use,union_keep,,
4236,desc,270,280,span_only_one_annotator,b_only,size,union_keep,,
4236,desc,270,306,span_only_one_annotator,a_only,size,union_keep,,
4236,desc,270,306,span_only_one_annotator,a_only,storage,union_keep,,
4236,desc,292,306,span_only_one_annotator,a_only,portability,union_keep,,
4236,desc,292,306,span_only_one_annotator,a_only,portability,union_keep,,
4236,review,0,17,span_only_one_annotator,b_only,ease_of_use,union_keep,,
4236,review,0,18,span_only_one_annotator,a_only,ease_of_use,union_keep,,
4236,review,0,18,span_only_one_annotator,a_only,ease_of_use,union_keep,,
4745,review,607,685,label_conflict,,ease_of_use,prefer_more_frequent,storage,ease_of_use
4745,review,687,801,span_only_one_annotator,b_only,storage,union_keep,,
4802,review,68,148,span_only_one_annotator,b_only,performance,union_keep,,
4854,desc,23,36,span_only_one_annotator,b_only,storage,union_keep,,
4854,desc,276,348,span_only_one_annotator,a_only,storage,union_keep,,
4854,desc,302,325,span_only_one_annotator,b_only,privacy,union_keep,,
4854,desc,354,429,span_only_one_annotator,a_only,storage,union_keep,,
4854,desc,431,499,span_only_one_annotator,a_only,wind_resistance,union_keep,,
4854,desc,442,457,span_only_one_annotator,b_only,wind_resistance,union_keep,,
4854,desc,614,700,span_only_one_annotator,a_only,build_quality,union_keep,,
4854,desc,690,700,span_only_one_annotator,b_only,build_quality,union_keep,,
4854,desc,726,777,span_only_one_annotator,a_only,ease_of_use,union_keep,,
4854,desc,736,777,span_only_one_annotator,b_only,ease_of_use,union_keep,,
4854,review,320,362,span_only_one_annotator,b_only,portability,union_keep,,
4854,review,320,369,span_only_one_annotator,a_only,portability,union_keep,,
4857,title,40,43,label_conflict,,color,prefer_non_generic,design,color
4873,title,8,16,span_only_one_annotator,b_only,size,union_keep,,
4873,title,40,43,span_only_one_annotator,b_only,color,union_keep,,
4940,title,17,37,span_only_one_annotator,a_only,performance,union_keep,,
4940,title,50,71,span_only_one_annotator,a_only,ease_of_use,union_keep,,
4940,desc,8,23,span_only_one_annotator,b_only,portability,union_keep,,
4940,desc,151,159,span_only_one_annotator,b_only,storage,union_keep,,
4940,desc,151,166,span_only_one_annotator,a_only,performance,union_keep,,
4940,desc,278,309,span_only_one_annotator,a_only,ease_of_use,union_keep,,
4940,desc,315,346,span_only_one_annotator,b_only,ease_of_use,union_keep,,
4940,desc,364,432,span_only_one_annotator,a_only,size,union_keep,,
4940,desc,466,499,span_only_one_annotator,a_only,ease_of_use,union_keep,,
4940,desc,466,516,span_only_one_annotator,b_only,wind_resistance,union_keep,,
4940,desc,540,569,span_only_one_annotator,a_only,portability,union_keep,,
4940,desc,557,569,span_only_one_annotator,b_only,portability,union_keep,,
4940,desc,578,594,span_only_one_annotator,a_only,performance,union_keep,,
4940,desc,578,636,span_only_one_annotator,b_only,storage,union_keep,,
4940,review,155,171,span_only_one_annotator,a_only,ease_of_use,union_keep,,
4940,review,158,171,span_only_one_annotator,b_only,ease_of_use,union_keep,,
4940,review,176,221,span_only_one_annotator,a_only,performance,union_keep,,
4940,review,269,299,label_conflict,,wind_resistance,prefer_non_generic,performance,wind_resistance
4940,review,308,381,span_only_one_annotator,a_only,performance,union_keep,,
4940,review,553,570,span_only_one_annotator,b_only,performance,union_keep,,
4940,review,573,650,span_only_one_annotator,a_only,performance,union_keep,,
4940,review,576,650,span_only_one_annotator,b_only,performance,union_keep,,
4940,review,656,675,span_only_one_annotator,b_only,price,union_keep,,
4940,review,656,700,span_only_one_annotator,a_only,price,union_keep,,
4940,review,863,877,span_only_one_annotator,a_only,performance,union_keep,,
4940,review,968,985,span_only_one_annotator,a_only,build_quality,union_keep,,
4940,review,976,985,span_only_one_annotator,b_only,comfort,union_keep,,
4940,review,1005,1022,span_only_one_annotator,b_only,price,union_keep,,
4940,review,1031,1045,span_only_one_annotator,b_only,build_quality,union_keep,,
4970,review,46,83,label_conflict,,ease_of_use,prefer_more_frequent,included_items,ease_of_use
4970,review,110,191,span_only_one_annotator,b_only,durability,union_keep,,
4970,review,134,153,span_only_one_annotator,a_only,durability,union_keep,,
4970,review,193,226,span_only_one_annotator,b_only,quantity,union_keep,,
4970,review,193,227,span_only_one_annotator,a_only,quantity,union_keep,,
4970,review,237,293,span_only_one_annotator,b_only,ease_of_use,union_keep,,
4970,review,274,294,span_only_one_annotator,a_only,ease_of_use,union_keep,,
4970,review,295,372,span_only_one_annotator,b_only,price,union_keep,,
5322,review,594,633,span_only_one_annotator,a_only,ease_of_use,union_keep,,
5341,title,40,43,span_only_one_annotator,b_only,design,union_keep,,
5350,title,8,36,span_only_one_annotator,b_only,design,union_keep,,
5384,review,0,20,span_only_one_annotator,b_only,purchase_recommendation,union_keep,,
5443,review,0,35,label_conflict,,compatibility,prefer_non_generic,compatibility,design
5443,review,40,93,label_conflict,,durability,prefer_non_generic,durability,performance
5443,review,213,256,span_only_one_annotator,b_only,durability,union_keep,,
5443,review,350,385,span_only_one_annotator,b_only,compatibility,union_keep,,
5578,desc,87,159,span_only_one_annotator,a_only,size,union_keep,,
5578,desc,207,248,span_only_one_annotator,a_only,performance,union_keep,,
5578,review,0,31,span_only_one_annotator,a_only,price,union_keep,,
5578,review,5,31,sentiment_conflict,,unknown,set_unknown_on_conflict,negative,positive
5578,review,132,166,span_only_one_annotator,a_only,waterproofing,union_keep,,
5578,review,199,218,label_conflict,,build_quality,prefer_non_generic,build_quality,design
5578,review,251,261,span_only_one_annotator,a_only,waterproofing,union_keep,,
5578,review,302,322,span_only_one_annotator,b_only,price,union_keep,,
5934,title,8,16,span_only_one_annotator,b_only,size,union_keep,,
5978,desc,291,304,span_only_one_annotator,a_only,durability,union_keep,,
5978,desc,298,304,span_only_one_annotator,b_only,design,union_keep,,
5978,desc,358,400,span_only_one_annotator,a_only,design,union_keep,,
5978,review,298,379,span_only_one_annotator,b_only,design,union_keep,,
5978,review,314,379,span_only_one_annotator,a_only,design,union_keep,,
6164,title,8,15,span_only_one_annotator,b_only,design,union_keep,,
6164,title,16,22,span_only_one_annotator,b_only,size,union_keep,,
6164,review,0,35,label_conflict,,material,prefer_more_frequent,material,waterproofing
6164,review,36,40,label_conflict,,material,prefer_more_frequent,build_quality,material
6164,review,42,47,label_conflict,,build_quality,prefer_non_generic,performance,build_quality
6164,review,49,57,span_only_one_annotator,b_only,performance,union_keep,,
6303,title,8,15,span_only_one_annotator,b_only,design,union_keep,,
6303,review,20,115,span_only_one_annotator,a_only,durability,union_keep,,
6303,review,44,115,span_only_one_annotator,b_only,build_quality,union_keep,,
6303,review,117,240,span_only_one_annotator,a_only,performance,union_keep,,
6303,review,205,240,span_only_one_annotator,b_only,durability,union_keep,,
6303,review,308,334,span_only_one_annotator,a_only,durability,union_keep,,
6303,review,322,334,span_only_one_annotator,b_only,performance,union_keep,,
6303,review,335,415,label_conflict,,durability,prefer_more_frequent,price,durability
6303,review,416,534,span_only_one_annotator,a_only,performance,union_keep,,
6303,review,468,485,span_only_one_annotator,b_only,price,union_keep,,
6303,review,490,507,span_only_one_annotator,b_only,performance,union_keep,,
6448,title,8,15,span_only_one_annotator,a_only,temperature_rating,union_keep,,
6448,title,16,34,span_only_one_annotator,a_only,design,union_keep,,
6448,title,39,51,span_only_one_annotator,b_only,size,union_keep,,
6448,title,39,58,span_only_one_annotator,a_only,size,union_keep,,
6448,review,34,49,span_only_one_annotator,b_only,durability,union_keep,,
6448,review,34,93,span_only_one_annotator,a_only,durability,union_keep,,
6448,review,95,119,span_only_one_annotator,b_only,build_quality,union_keep,,
6448,review,95,120,span_only_one_annotator,a_only,build_quality,union_keep,,
6509,title,8,15,span_only_one_annotator,b_only,temperature_rating,union_keep,,
6509,title,16,34,span_only_one_annotator,b_only,design,union_keep,,
6509,title,39,58,span_only_one_annotator,b_only,size,union_keep,,
6509,review,0,15,span_only_one_annotator,b_only,design,union_keep,,
6509,review,18,33,span_only_one_annotator,b_only,performance,union_keep,,
6509,review,35,50,span_only_one_annotator,b_only,weight,union_keep,,
6514,title,8,15,span_only_one_annotator,b_only,temperature_rating,union_keep,,
6514,title,16,21,span_only_one_annotator,b_only,design,union_keep,,
6514,title,39,51,span_only_one_annotator,b_only,size,union_keep,,
6514,title,71,83,span_only_one_annotator,a_only,insulation,union_keep,,
6820,title,0,21,span_only_one_annotator,b_only,portability,union_keep,,
6820,title,24,55,span_only_one_annotator,a_only,portability,union_keep,,
6906,title,37,55,label_conflict,,ease_of_use,prefer_more_frequent,ease_of_use,portability
6906,desc,497,534,span_only_one_annotator,a_only,ease_of_use,union_keep,,
6906,desc,535,585,span_only_one_annotator,a_only,performance,union_keep,,
6906,desc,591,602,label_conflict,,power,prefer_non_generic,performance,power
6906,desc,771,833,label_conflict,,size,prefer_more_frequent,size,portability
6906,review,56,115,label_conflict,,ease_of_cleaning,prefer_non_generic,performance,ease_of_cleaning
7115,title,37,55,span_only_one_annotator,b_only,portability,union_keep,,
7126,title,8,21,span_only_one_annotator,b_only,portability,union_keep,,
7231,review,380,530,sentiment_conflict,,unknown,set_unknown_on_conflict,positive,negative
7281,desc,63,94,span_only_one_annotator,b_only,performance,union_keep,,
7281,desc,100,120,span_only_one_annotator,a_only,stability,union_keep,,
7281,desc,121,191,label_conflict,,weight,prefer_more_frequent,weight,stability
7281,desc,227,247,label_conflict,,stability,prefer_non_generic,performance,stability
7281,desc,248,269,span_only_one_annotator,b_only,weight,union_keep,,
7281,desc,355,376,span_only_one_annotator,b_only,performance,union_keep,,
7281,desc,421,439,span_only_one_annotator,b_only,stability,union_keep,,
7281,review,344,363,label_conflict,,build_quality,prefer_more_frequent,build_quality,adjustability
7281,review,505,527,label_conflict,,size,prefer_non_generic,size,design
7281,review,688,714,span_only_one_annotator,b_only,performance,union_keep,,
7281,review,827,869,span_only_one_annotator,b_only,performance,union_keep,,
7281,review,871,953,span_only_one_annotator,b_only,design,union_keep,,
7281,review,959,1002,span_only_one_annotator,b_only,size,union_keep,,
7281,review,1566,1601,span_only_one_annotator,b_only,performance,union_keep,,
7868,desc,562,575,label_conflict,,ease_of_use,prefer_more_frequent,ease_of_use,ease_of_cleaning
7868,desc,787,802,span_only_one_annotator,b_only,compatibility,union_keep,,
7868,desc,787,841,span_only_one_annotator,a_only,compatibility,union_keep,,
7868,desc,918,937,span_only_one_annotator,b_only,compatibility,union_keep,,
7868,desc,918,981,span_only_one_annotator,a_only,compatibility,union_keep,,
7868,review,82,105,label_conflict,,size,prefer_more_frequent,price,size
7995,title,0,56,span_only_one_annotator,a_only,compatibility,union_keep,,
7995,desc,14,25,span_only_one_annotator,b_only,portability,union_keep,,
7995,desc,141,158,label_conflict,,waterproofing,prefer_more_frequent,waterproofing,weather_resistance
7995,desc,173,190,span_only_one_annotator,a_only,portability,union_keep,,
7995,desc,195,208,span_only_one_annotator,b_only,portability,union_keep,,
7995,desc,213,233,span_only_one_annotator,a_only,design,union_keep,,
7995,desc,256,270,label_conflict,,durability,prefer_more_frequent,build_quality,durability
7995,desc,275,287,span_only_one_annotator,a_only,build_quality,union_keep,,
7995,desc,326,340,span_only_one_annotator,a_only,storage,union_keep,,
7995,review,43,53,span_only_one_annotator,a_only,ease_of_use,union_keep,,
7995,review,224,265,span_only_one_annotator,a_only,storage,union_keep,,
7995,review,364,380,span_only_one_annotator,a_only,size,union_keep,,
7995,review,445,479,span_only_one_annotator,a_only,storage,union_keep,,
7995,review,482,496,span_only_one_annotator,b_only,size,union_keep,,
7995,review,482,529,span_only_one_annotator,a_only,storage,union_keep,,
7995,review,723,741,span_only_one_annotator,a_only,durability,union_keep,,
7995,review,821,850,span_only_one_annotator,a_only,build_quality,union_keep,,
7995,review,852,873,span_only_one_annotator,b_only,performance,union_keep,,
7995,review,917,932,span_only_one_annotator,a_only,durability,union_keep,,
7995,review,980,1001,span_only_one_annotator,b_only,performance,union_keep,,
8106,review,45,263,span_only_one_annotator,b_only,insulation,union_keep,,
8106,review,202,262,span_only_one_annotator,a_only,insulation,union_keep,,
8116,review,41,91,span_only_one_annotator,a_only,durability,union_keep,,
8116,review,43,64,span_only_one_annotator,b_only,durability,union_keep,,
8200,title,8,16,span_only_one_annotator,b_only,size,union_keep,,
8200,review,48,59,span_only_one_annotator,b_only,performance,union_keep,,
8247,title,54,60,span_only_one_annotator,a_only,size,union_keep,,
8247,desc,755,802,span_only_one_annotator,a_only,weight,union_keep,,
8247,desc,1503,1550,span_only_one_annotator,a_only,design,union_keep,,
8247,desc,1574,1606,span_only_one_annotator,a_only,insulation,union_keep,,
8247,desc,1658,1703,span_only_one_annotator,a_only,capacity,union_keep,,
8247,desc,1839,1914,span_only_one_annotator,a_only,size,union_keep,,
8247,desc,1839,1914,span_only_one_annotator,a_only,size,union_keep,,
8247,desc,1957,2007,span_only_one_annotator,a_only,ease_of_use,union_keep,,
8247,desc,2065,2088,span_only_one_annotator,a_only,weight,union_keep,,
8247,desc,2065,2088,span_only_one_annotator,a_only,material,union_keep,,
8247,review,0,34,span_only_one_annotator,a_only,size,union_keep,,
8247,review,0,34,span_only_one_annotator,a_only,insulation,union_keep,,
8247,review,39,69,span_only_one_annotator,a_only,performance,union_keep,,
8247,review,39,88,span_only_one_annotator,a_only,ease_of_use,union_keep,,
8247,review,89,159,span_only_one_annotator,a_only,size,union_keep,,
8261,title,8,17,span_only_one_annotator,b_only,size,union_keep,,
8261,title,49,60,span_only_one_annotator,b_only,color,union_keep,,
8268,title,54,60,span_only_one_annotator,b_only,color,union_keep,,
8550,desc,0,20,span_only_one_annotator,a_only,durability,union_keep,,
8591,desc,0,83,span_only_one_annotator,a_only,compatibility,union_keep,,
8591,desc,32,83,span_only_one_annotator,b_only,compatibility,union_keep,,
8591,review,0,12,label_conflict,,compatibility,prefer_more_frequent,compatibility,seller_description_accuracy
9245,title,0,25,span_only_one_annotator,a_only,material,union_keep,,
9245,title,13,17,span_only_one_annotator,b_only,material,union_keep,,
9245,review,120,208,span_only_one_annotator,b_only,build_quality,union_keep,,
9245,review,209,303,span_only_one_annotator,b_only,performance,union_keep,,
9245,review,304,395,span_only_one_annotator,b_only,ease_of_use,union_keep,,
9313,title,0,33,span_only_one_annotator,b_only,weight,union_keep,,
9543,title,8,21,span_only_one_annotator,b_only,size,union_keep,,
9667,desc,188,211,span_only_one_annotator,a_only,design,union_keep,,
9667,desc,198,211,span_only_one_annotator,b_only,privacy,union_keep,,
9667,review,90,147,span_only_one_annotator,a_only,build_quality,union_keep,,
9667,review,170,178,span_only_one_annotator,b_only,overall,union_keep,,
9667,review,258,292,span_only_one_annotator,b_only,build_quality,union_keep,,
9667,review,258,305,span_only_one_annotator,a_only,build_quality,union_keep,,
9667,review,297,305,span_only_one_annotator,b_only,durability,union_keep,,
9667,review,297,305,span_only_one_annotator,b_only,material,union_keep,,
9667,review,346,411,span_only_one_annotator,a_only,durability,union_keep,,
9684,title,0,21,span_only_one_annotator,b_only,capacity,union_keep,,
9839,title,8,21,span_only_one_annotator,b_only,size,union_keep,,
9839,title,36,39,span_only_one_annotator,b_only,color,union_keep,,
9881,title,8,16,span_only_one_annotator,b_only,size,union_keep,,
9902,title,8,16,span_only_one_annotator,b_only,size,union_keep,,
9902,title,36,39,span_only_one_annotator,b_only,color,union_keep,,
9902,desc,188,211,label_conflict,,privacy,prefer_non_generic,design,privacy
9918,title,8,21,span_only_one_annotator,b_only,size,union_keep,,
9918,desc,188,211,label_conflict,,privacy,prefer_non_generic,design,privacy
10014,review,712,732,span_only_one_annotator,b_only,performance,union_keep,,
10014,review,715,731,span_only_one_annotator,a_only,performance,union_keep,,
10014,review,734,815,span_only_one_annotator,b_only,size,union_keep,,
10014,review,917,996,span_only_one_annotator,b_only,size,union_keep,,
10014,review,998,1077,span_only_one_annotator,b_only,ease_of_use,union_keep,,
10014,review,1276,1308,label_conflict,,ease_of_use,prefer_more_frequent,ease_of_use,portability
10014,review,1348,1400,label_conflict,,portability,prefer_more_frequent,portability,storage
10014,review,1401,1461,label_conflict,,waterproofing,prefer_more_frequent,storage,waterproofing
10014,review,1984,2096,span_only_one_annotator,a_only,waterproofing,union_keep,,
10296,title,52,69,span_only_one_annotator,a_only,color,union_keep,,
10296,title,82,88,span_only_one_annotator,b_only,color,union_keep,,
10296,desc,112,158,span_only_one_annotator,a_only,performance,union_keep,,
10296,desc,177,234,span_only_one_annotator,a_only,durability,union_keep,,
10296,desc,203,234,label_conflict,,size,prefer_non_generic,design,size
10296,desc,381,406,label_conflict,,versatility,prefer_non_generic,versatility,performance
10296,desc,489,527,span_only_one_annotator,a_only,storage,union_keep,,
10296,desc,532,556,label_conflict,,portability,prefer_more_frequent,portability,adjustability
10296,desc,617,662,label_conflict,,capacity,prefer_more_frequent,capacity,adjustability
10296,desc,671,688,span_only_one_annotator,a_only,size,union_keep,,
10296,desc,694,751,span_only_one_annotator,b_only,portability,union_keep,,
10296,desc,1643,1692,span_only_one_annotator,b_only,capacity,union_keep,,
10814,review,152,231,span_only_one_annotator,b_only,size,union_keep,,
10849,title,43,47,span_only_one_annotator,b_only,design,union_keep,,
11009,review,94,137,label_conflict,,material,prefer_more_frequent,insulation,material
11009,review,143,157,label_conflict,,durability,prefer_more_frequent,durability,insulation
11009,review,162,211,span_only_one_annotator,a_only,durability,union_keep,,
11009,review,177,211,span_only_one_annotator,b_only,durability,union_keep,,
11009,review,220,253,span_only_one_annotator,b_only,durability,union_keep,,
11009,review,234,253,span_only_one_annotator,a_only,price,union_keep,,
11131,desc,62,69,span_only_one_annotator,b_only,durability,union_keep,,
11131,desc,62,121,span_only_one_annotator,a_only,durability,union_keep,,
11334,title,43,47,span_only_one_annotator,b_only,design,union_keep,,
11334,desc,19,23,span_only_one_annotator,b_only,color,union_keep,,
11338,desc,114,121,span_only_one_annotator,b_only,durability,union_keep,,
11338,desc,114,144,span_only_one_annotator,a_only,material,union_keep,,
11338,desc,122,144,span_only_one_annotator,b_only,material,union_keep,,
11338,desc,199,208,span_only_one_annotator,a_only,performance,union_keep,,
11338,review,16,48,span_only_one_annotator,a_only,performance,union_keep,,
11338,review,32,48,span_only_one_annotator,b_only,performance,union_keep,,
11411,desc,96,106,span_only_one_annotator,a_only,performance,union_keep,,
11411,desc,114,121,span_only_one_annotator,b_only,durability,union_keep,,
11411,desc,114,144,span_only_one_annotator,a_only,material,union_keep,,
11411,desc,134,144,span_only_one_annotator,b_only,material,union_keep,,
11411,desc,199,263,span_only_one_annotator,a_only,performance,union_keep,,
11411,desc,209,222,span_only_one_annotator,b_only,performance,union_keep,,
11411,desc,292,324,span_only_one_annotator,b_only,ease_of_use,union_keep,,
11411,desc,334,357,span_only_one_annotator,a_only,ease_of_use,union_keep,,
11411,review,20,37,sentiment_conflict,,positive,prefer_polar_over_neutral,positive,neutral
11411,review,39,63,span_only_one_annotator,b_only,performance,union_keep,,
11411,review,39,91,span_only_one_annotator,a_only,performance,union_keep,,
11466,desc,92,144,span_only_one_annotator,b_only,performance,union_keep,,
11600,desc,359,366,span_only_one_annotator,b_only,durability,union_keep,,
11600,desc,359,381,span_only_one_annotator,a_only,build_quality,union_keep,,
11600,desc,371,381,span_only_one_annotator,b_only,build_quality,union_keep,,
11696,review,10,50,span_only_one_annotator,b_only,weight,union_keep,,
11797,desc,109,187,span_only_one_annotator,a_only,size,union_keep,,
11797,desc,149,187,span_only_one_annotator,b_only,size,union_keep,,
11797,desc,437,473,span_only_one_annotator,a_only,storage,union_keep,,
11797,desc,449,456,span_only_one_annotator,b_only,storage,union_keep,,
11797,review,0,4,span_only_one_annotator,b_only,size,union_keep,,
11797,review,0,99,span_only_one_annotator,a_only,size,union_keep,,
11818,title,31,37,span_only_one_annotator,b_only,size,union_keep,,
11897,title,31,37,span_only_one_annotator,b_only,size,union_keep,,
11951,desc,405,436,span_only_one_annotator,b_only,material,union_keep,,
11951,desc,405,476,span_only_one_annotator,a_only,waterproofing,union_keep,,
11951,desc,792,841,span_only_one_annotator,a_only,ventilation,union_keep,,
11951,desc,810,829,span_only_one_annotator,b_only,ventilation,union_keep,,
11951,desc,982,1044,span_only_one_annotator,a_only,build_quality,union_keep,,
11951,desc,1033,1044,span_only_one_annotator,b_only,ease_of_use,union_keep,,
11951,review,205,270,span_only_one_annotator,a_only,size,union_keep,,
11951,review,221,242,span_only_one_annotator,b_only,size,union_keep,,
11951,review,497,582,span_only_one_annotator,a_only,waterproofing,union_keep,,
11951,review,556,582,span_only_one_annotator,b_only,waterproofing,union_keep,,
12239,title,8,16,span_only_one_annotator,b_only,size,union_keep,,
12268,title,8,16,span_only_one_annotator,b_only,size,union_keep,,
12280,title,8,33,span_only_one_annotator,a_only,size,union_keep,,
12280,desc,188,211,span_only_one_annotator,a_only,design,union_keep,,
12290,title,8,16,span_only_one_annotator,b_only,size,union_keep,,
12346,desc,188,211,span_only_one_annotator,a_only,design,union_keep,,
12346,desc,198,211,span_only_one_annotator,b_only,privacy,union_keep,,
12346,desc,229,262,span_only_one_annotator,a_only,design,union_keep,,
12346,desc,236,262,span_only_one_annotator,b_only,capacity,union_keep,,
12346,review,169,203,label_conflict,,ease_of_use,prefer_more_frequent,durability,ease_of_use
12346,review,266,296,label_conflict,,ease_of_use,prefer_more_frequent,ease_of_use,durability
12346,review,304,324,span_only_one_annotator,a_only,durability,union_keep,,
12651,title,36,39,span_only_one_annotator,b_only,color,union_keep,,
12651,desc,55,105,label_conflict,,size,prefer_more_frequent,capacity,size
12651,desc,188,211,span_only_one_annotator,a_only,design,union_keep,,
12651,desc,198,211,span_only_one_annotator,b_only,design,union_keep,,
12651,desc,229,262,label_conflict,,capacity,prefer_non_generic,design,capacity
12651,review,37,87,span_only_one_annotator,b_only,purchase_intent,union_keep,,
12651,review,57,77,span_only_one_annotator,a_only,price,union_keep,,
12677,desc,229,262,span_only_one_annotator,a_only,design,union_keep,,
12677,desc,236,262,span_only_one_annotator,b_only,privacy,union_keep,,
12677,review,0,10,span_only_one_annotator,b_only,overall,union_keep,,
12677,review,158,187,span_only_one_annotator,a_only,material,union_keep,,
12677,review,158,243,span_only_one_annotator,b_only,material,union_keep,,
12677,review,192,244,span_only_one_annotator,a_only,waterproofing,union_keep,,
12677,review,445,495,span_only_one_annotator,a_only,weight,union_keep,,
12677,review,480,495,span_only_one_annotator,b_only,overall,union_keep,,
12677,review,500,577,span_only_one_annotator,a_only,durability,union_keep,,
12677,review,533,544,span_only_one_annotator,b_only,performance,union_keep,,
12677,review,631,655,span_only_one_annotator,b_only,durability,union_keep,,
12677,review,631,688,span_only_one_annotator,a_only,durability,union_keep,,
13026,title,43,47,label_conflict,,color,prefer_non_generic,design,color
13026,desc,50,78,span_only_one_annotator,a_only,design,union_keep,,
13026,desc,60,66,span_only_one_annotator,b_only,design,union_keep,,
13026,desc,80,133,span_only_one_annotator,a_only,ease_of_use,union_keep,,
13026,desc,150,162,span_only_one_annotator,b_only,material,union_keep,,
13026,desc,150,193,span_only_one_annotator,a_only,durability,union_keep,,
13026,desc,168,193,span_only_one_annotator,b_only,durability,union_keep,,
13066,title,32,41,span_only_one_annotator,b_only,size,union_keep,,
13068,title,30,51,span_only_one_annotator,a_only,size,union_keep,,
13068,title,71,79,span_only_one_annotator,b_only,size,union_keep,,
13394,desc,248,301,label_conflict,,durability,prefer_more_frequent,durability,storage
13394,desc,382,440,span_only_one_annotator,a_only,durability,union_keep,,
13394,desc,416,440,span_only_one_annotator,b_only,durability,union_keep,,
13394,desc,442,514,span_only_one_annotator,a_only,storage,union_keep,,
13458,title,43,47,span_only_one_annotator,b_only,color,union_keep,,
13707,title,32,37,span_only_one_annotator,b_only,size,union_keep,,
13707,desc,108,193,span_only_one_annotator,b_only,size,union_keep,,
13778,title,49,58,span_only_one_annotator,b_only,size,union_keep,,
13789,review,0,78,span_only_one_annotator,b_only,size,union_keep,,
13789,review,80,212,span_only_one_annotator,b_only,comfort,union_keep,,
13789,review,156,212,span_only_one_annotator,b_only,comfort,union_keep,,
13789,review,214,318,span_only_one_annotator,b_only,size,union_keep,,
13789,review,320,404,span_only_one_annotator,b_only,price,union_keep,,
13789,review,409,462,label_conflict,,price,prefer_more_frequent,price,comfort
13789,review,686,748,span_only_one_annotator,a_only,size,union_keep,,
13906,title,32,41,span_only_one_annotator,b_only,size,union_keep,,
13906,title,43,47,span_only_one_annotator,b_only,design,union_keep,,
13979,review,38,55,span_only_one_annotator,a_only,weight,union_keep,,
13979,review,38,83,span_only_one_annotator,b_only,weight,union_keep,,
13984,title,43,47,label_conflict,,color,prefer_non_generic,design,color
13984,desc,465,511,span_only_one_annotator,a_only,ease_of_use,union_keep,,
13984,desc,513,531,span_only_one_annotator,b_only,ease_of_use,union_keep,,
13984,desc,620,686,span_only_one_annotator,a_only,ease_of_use,union_keep,,
13984,desc,660,686,span_only_one_annotator,b_only,ease_of_use,union_keep,,
14097,desc,0,91,span_only_one_annotator,a_only,performance,union_keep,,
14097,desc,92,187,span_only_one_annotator,a_only,durability,union_keep,,
14097,desc,114,121,span_only_one_annotator,b_only,durability,union_keep,,
14097,desc,114,144,span_only_one_annotator,a_only,design,union_keep,,
14097,desc,145,163,span_only_one_annotator,b_only,ease_of_use,union_keep,,
14097,desc,209,222,span_only_one_annotator,b_only,performance,union_keep,,
14097,desc,292,324,span_only_one_annotator,b_only,ease_of_use,union_keep,,
14097,desc,334,357,label_conflict,,build_quality,prefer_non_generic,build_quality,design
14097,desc,359,381,label_conflict,,material,prefer_more_frequent,material,build_quality
14097,desc,579,598,label_conflict,,ease_of_use,prefer_more_frequent,ease_of_use,material
14097,desc,606,628,label_conflict,,ease_of_use,prefer_non_generic,performance,ease_of_use
14097,review,153,188,span_only_one_annotator,a_only,build_quality,union_keep,,
14097,review,159,176,span_only_one_annotator,b_only,purchase_intent,union_keep,,
14193,review,0,39,span_only_one_annotator,b_only,price,union_keep,,
14266,title,31,46,span_only_one_annotator,b_only,color,union_keep,,
14266,desc,345,390,label_conflict,,color,prefer_non_generic,design,color
14428,desc,96,106,span_only_one_annotator,b_only,sharpness,union_keep,,
14428,desc,96,144,span_only_one_annotator,a_only,sharpness,union_keep,,
14428,desc,114,144,span_only_one_annotator,a_only,build_quality,union_keep,,
14428,desc,122,144,span_only_one_annotator,b_only,material,union_keep,,
14428,desc,334,357,span_only_one_annotator,a_only,build_quality,union_keep,,
14428,desc,359,381,label_conflict,,material,prefer_more_frequent,material,build_quality
14428,desc,579,598,label_conflict,,ease_of_use,prefer_more_frequent,ease_of_use,material
14428,desc,606,628,span_only_one_annotator,b_only,ease_of_use,union_keep,,
14428,review,0,25,span_only_one_annotator,a_only,price,union_keep,,
14428,review,0,51,span_only_one_annotator,b_only,price,union_keep,,
14428,review,165,183,label_conflict,,size,prefer_more_frequent,size,build_quality
14428,review,207,230,span_only_one_annotator,a_only,material,union_keep,,
14428,review,236,282,span_only_one_annotator,a_only,design,union_keep,,
14428,review,376,426,span_only_one_annotator,a_only,durability,union_keep,,
14428,review,376,446,span_only_one_annotator,b_only,design,union_keep,,
14428,review,572,662,span_only_one_annotator,a_only,weight,union_keep,,
14428,review,939,1018,label_conflict,,durability,prefer_more_frequent,sharpness,durability
14428,review,1076,1140,span_only_one_annotator,a_only,durability,union_keep,,
14428,review,1328,1375,label_conflict,,build_quality,prefer_more_frequent,build_quality,sharpness
14428,review,1560,1648,label_conflict,,ease_of_use,prefer_more_frequent,ease_of_use,durability
14428,review,1680,1714,span_only_one_annotator,b_only,build_quality,union_keep,,
14428,review,1715,1787,span_only_one_annotator,b_only,design,union_keep,,
14428,review,1964,2040,span_only_one_annotator,b_only,performance,union_keep,,
14479,title,31,37,span_only_one_annotator,b_only,size,union_keep,,
14479,review,0,88,span_only_one_annotator,b_only,durability,union_keep,,
14479,review,89,123,span_only_one_annotator,b_only,design,union_keep,,
14616,desc,74,116,span_only_one_annotator,a_only,waterproofing,union_keep,,
14616,desc,88,104,span_only_one_annotator,b_only,material,union_keep,,
14616,desc,110,115,span_only_one_annotator,b_only,size,union_keep,,
14616,desc,266,279,span_only_one_annotator,a_only,ventilation,union_keep,,
14616,desc,283,304,span_only_one_annotator,b_only,ventilation,union_keep,,
14616,desc,361,396,span_only_one_annotator,a_only,waterproofing,union_keep,,
14616,desc,405,430,span_only_one_annotator,b_only,material,union_keep,,
14616,desc,405,476,span_only_one_annotator,a_only,build_quality,union_keep,,
14616,desc,442,455,span_only_one_annotator,b_only,design,union_keep,,
14616,desc,725,791,span_only_one_annotator,a_only,ease_of_use,union_keep,,
14616,desc,761,791,span_only_one_annotator,b_only,ease_of_use,union_keep,,
14616,desc,867,896,span_only_one_annotator,a_only,ventilation,union_keep,,
14616,desc,881,885,span_only_one_annotator,b_only,ventilation,union_keep,,
14616,desc,982,988,span_only_one_annotator,b_only,build_quality,union_keep,,
14616,desc,982,1044,span_only_one_annotator,a_only,build_quality,union_keep,,
14616,desc,1012,1022,span_only_one_annotator,b_only,material,union_keep,,
14616,desc,1033,1044,span_only_one_annotator,b_only,ease_of_use,union_keep,,
14616,review,297,317,span_only_one_annotator,b_only,wind_resistance,union_keep,,
14616,review,407,430,span_only_one_annotator,a_only,waterproofing,union_keep,,
14616,review,412,430,span_only_one_annotator,b_only,waterproofing,union_keep,,
14616,review,431,456,span_only_one_annotator,a_only,build_quality,union_keep,,
14616,review,502,580,span_only_one_annotator,a_only,waterproofing,union_keep,,
14616,review,668,690,span_only_one_annotator,b_only,wind_resistance,union_keep,,
14872,title,0,33,span_only_one_annotator,a_only,design,union_keep,,
14872,title,0,33,span_only_one_annotator,a_only,portability,union_keep,,
14872,desc,405,436,span_only_one_annotator,a_only,material,union_keep,,
14872,desc,442,476,span_only_one_annotator,a_only,waterproofing,union_keep,,
14872,desc,592,603,span_only_one_annotator,a_only,ease_of_use,union_keep,,
14872,desc,592,603,span_only_one_annotator,a_only,ease_of_use,union_keep,,
14872,desc,725,757,span_only_one_annotator,a_only,design,union_keep,,
14872,desc,725,757,span_only_one_annotator,a_only,design,union_keep,,
14872,desc,1147,1184,span_only_one_annotator,a_only,storage,union_keep,,
14872,desc,1341,1360,span_only_one_annotator,a_only,stability,union_keep,,
14872,desc,1341,1409,span_only_one_annotator,a_only,durability,union_keep,,
14872,desc,1519,1569,span_only_one_annotator,a_only,ease_of_use,union_keep,,
14872,desc,1519,1569,span_only_one_annotator,a_only,included_items,union_keep,,
14872,review,378,389,span_only_one_annotator,a_only,ventilation,union_keep,,
14872,review,382,389,span_only_one_annotator,a_only,build_quality,union_keep,,
14872,review,398,443,span_only_one_annotator,a_only,build_quality,union_keep,,
14872,review,411,443,span_only_one_annotator,a_only,size,union_keep,,
14872,review,713,737,span_only_one_annotator,a_only,size,union_keep,,
14872,review,806,844,span_only_one_annotator,a_only,ventilation,union_keep,,
14872,review,866,903,span_only_one_annotator,a_only,waterproofing,union_keep,,
14872,review,910,968,span_only_one_annotator,a_only,ease_of_use,union_keep,,
14872,review,1055,1087,span_only_one_annotator,a_only,ease_of_use,union_keep,,
14872,review,1542,1552,span_only_one_annotator,a_only,size,union_keep,,
14872,review,1542,1552,span_only_one_annotator,a_only,storage,union_keep,,
14872,review,1655,1665,span_only_one_annotator,a_only,size,union_keep,,
14872,review,1655,1665,span_only_one_annotator,a_only,stability,union_keep,,
14872,review,2582,2614,span_only_one_annotator,a_only,build_quality,union_keep,,
14872,review,2666,2711,span_only_one_annotator,a_only,storage,union_keep,,
14872,review,2843,2887,span_only_one_annotator,a_only,waterproofing,union_keep,,
14932,title,34,54,span_only_one_annotator,b_only,design,union_keep,,
14932,title,68,76,span_only_one_annotator,b_only,size,union_keep,,
14932,desc,51,118,span_only_one_annotator,b_only,compatibility,union_keep,,
14974,desc,23,56,span_only_one_annotator,b_only,compatibility,union_keep,,
14974,desc,58,110,span_only_one_annotator,a_only,ease_of_use,union_keep,,
14974,desc,112,131,label_conflict,,ease_of_use,prefer_more_frequent,included_items,ease_of_use
14974,desc,133,154,span_only_one_annotator,b_only,included_items,union_keep,,
15149,desc,211,265,span_only_one_annotator,a_only,capacity,union_keep,,
15149,desc,728,757,span_only_one_annotator,a_only,size,union_keep,,
15149,review,80,132,span_only_one_annotator,a_only,build_quality,union_keep,,
15149,review,85,124,span_only_one_annotator,b_only,build_quality,union_keep,,
15161,review,339,427,span_only_one_annotator,b_only,material,union_keep,,
15161,review,429,556,span_only_one_annotator,b_only,performance,union_keep,,
15161,review,617,659,span_only_one_annotator,a_only,material,union_keep,,
15227,review,185,284,span_only_one_annotator,b_only,compatibility,union_keep,,
15227,review,310,401,span_only_one_annotator,b_only,performance,union_keep,,
15379,title,6,14,span_only_one_annotator,b_only,design,union_keep,,
15593,review,0,82,span_only_one_annotator,b_only,brightness,union_keep,,
15593,review,83,132,span_only_one_annotator,a_only,brightness,union_keep,,
15883,title,13,16,span_only_one_annotator,b_only,material,union_keep,,
15889,title,22,30,span_only_one_annotator,b_only,size,union_keep,,
16136,desc,127,144,span_only_one_annotator,b_only,design,union_keep,,
16136,desc,376,403,label_conflict,,material,prefer_non_generic,design,material
16136,desc,409,443,span_only_one_annotator,a_only,waterproofing,union_keep,,
16136,desc,472,499,label_conflict,,waterproofing,prefer_non_generic,waterproofing,design
16136,desc,670,687,label_conflict,,ease_of_use,prefer_more_frequent,ease_of_use,waterproofing
16136,desc,753,793,label_conflict,,durability,prefer_more_frequent,durability,waterproofing
16136,desc,938,981,label_conflict,,ease_of_use,prefer_more_frequent,ease_of_use,durability
16136,desc,1105,1139,label_conflict,,ease_of_use,prefer_more_frequent,waterproofing,ease_of_use
16136,desc,1150,1183,label_conflict,,ease_of_use,prefer_more_frequent,ventilation,ease_of_use
16136,desc,1187,1215,span_only_one_annotator,b_only,waterproofing,union_keep,,
16136,desc,1221,1252,span_only_one_annotator,b_only,ventilation,union_keep,,
16174,title,22,30,span_only_one_annotator,b_only,size,union_keep,,
16178,review,181,198,span_only_one_annotator,b_only,size,union_keep,,
16227,title,22,30,span_only_one_annotator,b_only,size,union_keep,,
16737,desc,233,251,label_conflict,,ease_of_use,prefer_more_frequent,ease_of_use,adjustability
16737,desc,465,500,span_only_one_annotator,a_only,performance,union_keep,,
16737,desc,488,500,span_only_one_annotator,b_only,performance,union_keep,,
16737,desc,530,650,span_only_one_annotator,a_only,storage,union_keep,,
16737,desc,604,626,span_only_one_annotator,b_only,storage,union_keep,,
16737,desc,688,746,span_only_one_annotator,a_only,storage,union_keep,,
16737,desc,698,746,span_only_one_annotator,b_only,stability,union_keep,,
16737,review,31,81,span_only_one_annotator,a_only,build_quality,union_keep,,
16737,review,49,81,span_only_one_annotator,b_only,build_quality,union_keep,,
17489,title,16,25,span_only_one_annotator,b_only,temperature_rating,union_keep,,
17661,review,142,164,sentiment_conflict,,positive,prefer_polar_over_neutral,positive,neutral
17689,desc,277,298,label_conflict,,adjustability,prefer_non_generic,design,adjustability
17689,review,146,165,label_conflict,,build_quality,prefer_more_frequent,build_quality,purchase_intent
17689,review,205,234,span_only_one_annotator,a_only,size,union_keep,,
17689,review,222,234,span_only_one_annotator,b_only,size,union_keep,,
17698,desc,238,253,label_conflict,,durability,prefer_non_generic,design,durability
17698,desc,255,311,label_conflict,,waterproofing,prefer_non_generic,waterproofing,design
17698,desc,313,348,label_conflict,,waterproofing,prefer_non_generic,performance,waterproofing
17698,desc,354,371,label_conflict,,performance,prefer_more_frequent,design,performance
17698,desc,393,436,label_conflict,,size,prefer_non_generic,size,design
17698,desc,438,488,label_conflict,,ease_of_use,prefer_more_frequent,ease_of_use,size
17698,desc,490,528,label_conflict,,ease_of_use,prefer_non_generic,performance,ease_of_use
17698,desc,534,624,label_conflict,,performance,prefer_more_frequent,design,performance
17698,desc,640,682,label_conflict,,ease_of_use,prefer_non_generic,ease_of_use,design
17871,review,137,158,span_only_one_annotator,b_only,durability,union_keep,,
17871,review,137,188,span_only_one_annotator,a_only,durability,union_keep,,
17944,review,120,145,label_conflict,,build_quality,prefer_more_frequent,build_quality,adjustability
17944,review,147,186,span_only_one_annotator,b_only,build_quality,union_keep,,
17944,review,191,230,span_only_one_annotator,b_only,build_quality,union_keep,,
17944,review,232,296,span_only_one_annotator,b_only,durability,union_keep,,
18087,title,30,35,span_only_one_annotator,b_only,size,union_keep,,
18123,title,16,28,span_only_one_annotator,a_only,insulation,union_keep,,
18123,desc,159,162,label_conflict,,insulation,prefer_more_frequent,insulation,temperature_rating
18334,desc,165,213,span_only_one_annotator,b_only,size,union_keep,,
18381,title,8,16,span_only_one_annotator,b_only,size,union_keep,,
18433,title,30,35,span_only_one_annotator,b_only,size,union_keep,,
18433,desc,52,64,span_only_one_annotator,a_only,insulation,union_keep,,
18433,desc,87,133,label_conflict,,ease_of_use,prefer_more_frequent,ease_of_use,temperature_rating
18433,desc,163,223,label_conflict,,insulation,prefer_more_frequent,comfort,insulation
18433,desc,244,316,span_only_one_annotator,b_only,ease_of_use,union_keep,,
18433,desc,316,351,span_only_one_annotator,b_only,comfort,union_keep,,
18569,title,41,50,label_conflict,,size,prefer_more_frequent,size,quantity
18569,desc,160,173,span_only_one_annotator,a_only,material,union_keep,,
18569,desc,217,240,span_only_one_annotator,b_only,quantity,union_keep,,
18569,desc,217,270,span_only_one_annotator,a_only,size,union_keep,,
18569,desc,245,269,span_only_one_annotator,b_only,environmental_impact,union_keep,,
18569,review,0,8,span_only_one_annotator,b_only,performance,union_keep,,
18569,review,0,27,span_only_one_annotator,a_only,performance,union_keep,,
18569,review,28,77,span_only_one_annotator,a_only,performance,union_keep,,
18569,review,95,129,span_only_one_annotator,b_only,performance,union_keep,,
18760,desc,187,198,span_only_one_annotator,b_only,size,union_keep,,
18760,desc,187,204,span_only_one_annotator,a_only,size,union_keep,,
18760,desc,269,289,span_only_one_annotator,b_only,ease_of_use,union_keep,,
18760,desc,280,318,span_only_one_annotator,a_only,included_items,union_keep,,
18911,desc,12,22,span_only_one_annotator,b_only,size,union_keep,,
18911,desc,12,52,span_only_one_annotator,a_only,size,union_keep,,
18911,desc,12,52,span_only_one_annotator,a_only,material,union_keep,,
18911,desc,24,52,span_only_one_annotator,b_only,material,union_keep,,
18911,review,30,65,span_only_one_annotator,b_only,size,union_keep,,
18911,review,37,65,span_only_one_annotator,a_only,size,union_keep,,
19149,title,22,35,span_only_one_annotator,b_only,size,union_keep,,
19191,review,125,201,span_only_one_annotator,b_only,durability,union_keep,,
19314,title,0,82,span_only_one_annotator,a_only,size,union_keep,,
19314,title,56,59,span_only_one_annotator,b_only,material,union_keep,,
19314,title,70,82,span_only_one_annotator,b_only,size,union_keep,,
19314,desc,60,63,span_only_one_annotator,b_only,material,union_keep,,
19314,desc,60,72,span_only_one_annotator,a_only,size,union_keep,,
19314,desc,74,86,label_conflict,,size,prefer_more_frequent,material,size
19314,desc,339,373,label_conflict,,ease_of_use,prefer_more_frequent,build_quality,ease_of_use
19314,desc,458,488,span_only_one_annotator,b_only,ease_of_use,union_keep,,
19314,desc,585,602,span_only_one_annotator,a_only,portability,union_keep,,
19314,desc,665,729,span_only_one_annotator,a_only,ease_of_use,union_keep,,
19314,desc,758,829,label_conflict,,ease_of_use,prefer_more_frequent,build_quality,ease_of_use
19314,desc,892,943,label_conflict,,portability,prefer_more_frequent,sun_protection,portability
19314,desc,1141,1190,label_conflict,,ease_of_use,prefer_more_frequent,size,ease_of_use
19314,desc,1474,1519,span_only_one_annotator,b_only,material,union_keep,,
19314,desc,2146,2198,span_only_one_annotator,b_only,material,union_keep,,
19314,desc,2248,2259,span_only_one_annotator,b_only,sun_protection,union_keep,,
19314,desc,2296,2310,label_conflict,,ease_of_use,prefer_more_frequent,ease_of_use,material
19314,desc,2338,2371,span_only_one_annotator,b_only,size,union_keep,,
19314,review,44,111,span_only_one_annotator,a_only,performance,union_keep,,
19314,review,72,111,span_only_one_annotator,b_only,performance,union_keep,,
19314,review,430,475,label_conflict,,ease_of_use,prefer_more_frequent,ease_of_use,build_quality
19850,title,16,19,span_only_one_annotator,b_only,material,union_keep,,
19850,title,16,30,span_only_one_annotator,a_only,design,union_keep,,
19850,desc,41,65,span_only_one_annotator,b_only,compatibility,union_keep,,
19850,desc,75,150,span_only_one_annotator,a_only,ease_of_use,union_keep,,
20230,desc,181,229,span_only_one_annotator,a_only,ease_of_use,union_keep,,
20230,desc,219,229,span_only_one_annotator,b_only,ease_of_use,union_keep,,
20230,desc,230,267,span_only_one_annotator,a_only,ventilation,union_keep,,
20230,desc,246,267,span_only_one_annotator,b_only,ventilation,union_keep,,
20230,desc,267,300,span_only_one_annotator,b_only,ventilation,union_keep,,
20230,desc,267,310,span_only_one_annotator,a_only,ventilation,union_keep,,
20230,desc,310,345,span_only_one_annotator,a_only,waterproofing,union_keep,,
20230,desc,327,345,span_only_one_annotator,b_only,waterproofing,union_keep,,
20230,desc,346,409,span_only_one_annotator,a_only,ease_of_use,union_keep,,
20230,desc,353,366,span_only_one_annotator,b_only,ease_of_use,union_keep,,
20230,desc,453,523,span_only_one_annotator,a_only,portability,union_keep,,
20230,desc,511,523,span_only_one_annotator,b_only,ease_of_use,union_keep,,
20496,title,16,25,span_only_one_annotator,b_only,design,union_keep,,
20496,review,0,5,span_only_one_annotator,b_only,overall,union_keep,,
20605,desc,102,181,span_only_one_annotator,b_only,build_quality,union_keep,,
20605,desc,310,345,span_only_one_annotator,b_only,waterproofing,union_keep,,
20605,desc,346,409,span_only_one_annotator,b_only,ease_of_use,union_keep,,
20688,title,0,15,span_only_one_annotator,b_only,design,union_keep,,
20688,title,8,25,span_only_one_annotator,b_only,design,union_keep,,
20802,title,0,25,span_only_one_annotator,a_only,design,union_keep,,
20802,title,8,25,span_only_one_annotator,b_only,design,union_keep,,
21295,title,16,29,span_only_one_annotator,b_only,size,union_keep,,
21325,title,16,23,span_only_one_annotator,b_only,size,union_keep,,
21336,title,0,29,span_only_one_annotator,a_only,size,union_keep,,
21336,desc,89,145,span_only_one_annotator,a_only,durability,union_keep,,
21336,desc,127,144,span_only_one_annotator,a_only,material,union_keep,,
21336,desc,146,203,span_only_one_annotator,a_only,build_quality,union_keep,,
21336,desc,146,203,span_only_one_annotator,a_only,ease_of_use,union_keep,,
21336,desc,146,203,span_only_one_annotator,a_only,build_quality,union_keep,,
21336,desc,177,183,span_only_one_annotator,b_only,build_quality,union_keep,,
21336,desc,188,202,span_only_one_annotator,b_only,ease_of_use,union_keep,,
21336,desc,203,222,span_only_one_annotator,a_only,size,union_keep,,
21336,desc,209,221,span_only_one_annotator,b_only,size,union_keep,,
21336,desc,222,248,span_only_one_annotator,a_only,weight,union_keep,,
21336,desc,228,247,span_only_one_annotator,b_only,weight,union_keep,,
21336,desc,248,281,span_only_one_annotator,b_only,size,union_keep,,
21336,desc,282,306,span_only_one_annotator,b_only,capacity,union_keep,,
21336,desc,282,307,span_only_one_annotator,a_only,durability,union_keep,,
21336,desc,307,345,span_only_one_annotator,a_only,portability,union_keep,,
21336,desc,345,390,span_only_one_annotator,a_only,ease_of_use,union_keep,,
21336,desc,391,404,span_only_one_annotator,b_only,color,union_keep,,
21336,review,0,17,span_only_one_annotator,a_only,overall,union_keep,,
21336,review,8,10,span_only_one_annotator,b_only,stability,union_keep,,
21336,review,19,38,label_conflict,,build_quality,prefer_non_generic,build_quality,performance
21336,review,44,64,span_only_one_annotator,a_only,performance,union_keep,,
21430,title,0,29,span_only_one_annotator,a_only,size,union_keep,,
21430,desc,20,28,span_only_one_annotator,b_only,material,union_keep,,
21430,desc,107,122,span_only_one_annotator,b_only,durability,union_keep,,
21430,desc,127,144,span_only_one_annotator,a_only,material,union_keep,,
21430,desc,146,173,span_only_one_annotator,a_only,build_quality,union_keep,,
21430,desc,177,183,span_only_one_annotator,b_only,build_quality,union_keep,,
21430,desc,177,202,span_only_one_annotator,a_only,build_quality,union_keep,,
21430,desc,177,202,span_only_one_annotator,a_only,ease_of_use,union_keep,,
21430,desc,188,202,span_only_one_annotator,b_only,ease_of_use,union_keep,,
21430,desc,203,221,span_only_one_annotator,a_only,size,union_keep,,
21430,desc,209,221,span_only_one_annotator,b_only,size,union_keep,,
21430,desc,222,247,span_only_one_annotator,a_only,weight,union_keep,,
21430,desc,228,247,span_only_one_annotator,b_only,weight,union_keep,,
21430,desc,255,280,span_only_one_annotator,b_only,size,union_keep,,
21430,desc,282,306,span_only_one_annotator,b_only,weight,union_keep,,
21430,desc,282,307,span_only_one_annotator,a_only,durability,union_keep,,
21430,desc,307,344,span_only_one_annotator,a_only,ease_of_use,union_keep,,
21430,desc,345,390,span_only_one_annotator,a_only,ease_of_use,union_keep,,
21430,desc,391,405,label_conflict,,color,prefer_non_generic,design,color
21430,review,0,10,span_only_one_annotator,b_only,overall,union_keep,,
21430,review,16,63,span_only_one_annotator,a_only,size,union_keep,,
21430,review,21,31,span_only_one_annotator,b_only,size,union_keep,,
21430,review,107,168,span_only_one_annotator,a_only,performance,union_keep,,
21430,review,169,208,span_only_one_annotator,b_only,portability,union_keep,,
21430,review,169,224,span_only_one_annotator,a_only,size,union_keep,,
21576,title,8,16,span_only_one_annotator,b_only,size,union_keep,,
21602,title,8,16,span_only_one_annotator,a_only,size,union_keep,,
21628,title,8,16,span_only_one_annotator,b_only,size,union_keep,,
21732,title,30,51,span_only_one_annotator,b_only,size,union_keep,,
21732,review,0,103,span_only_one_annotator,b_only,size,union_keep,,
21817,review,66,106,span_only_one_annotator,b_only,size,union_keep,,
21817,review,81,106,span_only_one_annotator,a_only,size,union_keep,,
21817,review,268,298,label_conflict,,ease_of_use,prefer_non_generic,ease_of_use,overall
21956,title,8,13,span_only_one_annotator,b_only,capacity,union_keep,,
22114,title,32,41,span_only_one_annotator,b_only,ease_of_use,union_keep,,
22114,desc,271,289,label_conflict,,ease_of_use,prefer_more_frequent,comfort,ease_of_use
22114,desc,327,352,span_only_one_annotator,b_only,comfort,union_keep,,
22114,desc,368,412,span_only_one_annotator,b_only,material,union_keep,,
22114,review,131,190,span_only_one_annotator,b_only,portability,union_keep,,
22130,title,32,41,span_only_one_annotator,b_only,design,union_keep,,
22130,desc,304,323,span_only_one_annotator,b_only,material,union_keep,,
22130,desc,331,352,span_only_one_annotator,a_only,storage,union_keep,,
22130,desc,346,352,span_only_one_annotator,b_only,storage,union_keep,,
22130,desc,354,371,span_only_one_annotator,a_only,storage,union_keep,,
22130,desc,364,371,span_only_one_annotator,b_only,storage,union_keep,,
22130,desc,377,399,span_only_one_annotator,a_only,material,union_keep,,
22130,desc,382,388,span_only_one_annotator,b_only,storage,union_keep,,
22130,desc,416,434,label_conflict,,ease_of_cleaning,prefer_more_frequent,odor_resistance,ease_of_cleaning
22130,desc,648,661,span_only_one_annotator,b_only,odor_resistance,union_keep,,
22130,review,100,115,label_conflict,,performance,prefer_more_frequent,performance,design
22130,review,190,203,span_only_one_annotator,b_only,performance,union_keep,,
22133,title,0,46,span_only_one_annotator,a_only,size,union_keep,,
22133,title,8,13,span_only_one_annotator,b_only,size,union_keep,,
22133,title,14,18,span_only_one_annotator,b_only,design,union_keep,,
22133,desc,230,243,span_only_one_annotator,b_only,waterproofing,union_keep,,
22133,desc,287,315,span_only_one_annotator,a_only,material,union_keep,,
22133,desc,514,524,span_only_one_annotator,b_only,material,union_keep,,
22133,desc,514,524,span_only_one_annotator,b_only,adjustability,union_keep,,
22133,desc,514,561,span_only_one_annotator,a_only,storage,union_keep,,
22133,desc,619,640,span_only_one_annotator,a_only,storage,union_keep,,
22133,desc,628,640,span_only_one_annotator,b_only,ease_of_cleaning,union_keep,,
22133,desc,668,689,label_conflict,,storage,prefer_non_generic,design,storage
22133,desc,827,858,label_conflict,,ease_of_use,prefer_more_frequent,ease_of_use,storage
22133,desc,863,888,span_only_one_annotator,b_only,design,union_keep,,
22208,title,8,13,span_only_one_annotator,b_only,size,union_keep,,
22314,review,0,38,span_only_one_annotator,b_only,build_quality,union_keep,,
22314,review,15,38,span_only_one_annotator,a_only,build_quality,union_keep,,
22314,review,288,303,span_only_one_annotator,b_only,price,union_keep,,
22457,title,8,14,span_only_one_annotator,b_only,size,union_keep,,
22646,review,171,263,span_only_one_annotator,b_only,insulation,union_keep,,
22646,review,264,357,span_only_one_annotator,b_only,price,union_keep,,
22646,review,358,478,span_only_one_annotator,a_only,insulation,union_keep,,
23114,desc,269,284,span_only_one_annotator,a_only,durability,union_keep,,
23114,desc,342,372,span_only_one_annotator,b_only,durability,union_keep,,
23114,desc,378,403,label_conflict,,comfort,prefer_non_generic,performance,comfort
23114,desc,596,609,span_only_one_annotator,a_only,build_quality,union_keep,,
23114,desc,650,661,span_only_one_annotator,b_only,material,union_keep,,
23128,title,8,19,span_only_one_annotator,b_only,size,union_keep,,
24411,desc,244,275,label_conflict,,ease_of_use,prefer_more_frequent,ease_of_use,build_quality
24411,desc,282,309,span_only_one_annotator,b_only,ease_of_use,union_keep,,
24543,desc,363,385,label_conflict,,weight,prefer_non_generic,weight,design
24543,desc,415,465,label_conflict,,weight,prefer_more_frequent,insulation,weight
24543,desc,540,665,label_conflict,,material,prefer_more_frequent,material,insulation
24543,desc,712,759,label_conflict,,material,prefer_more_frequent,ease_of_cleaning,material
24543,desc,812,833,label_conflict,,size,prefer_more_frequent,size,ease_of_cleaning
24543,desc,1265,1300,label_conflict,,size,prefer_more_frequent,weight,size
24543,desc,1301,1318,span_only_one_annotator,b_only,weight,union_keep,,
24543,review,40,67,span_only_one_annotator,b_only,purchase_intent,union_keep,,
24608,title,22,30,span_only_one_annotator,b_only,size,union_keep,,
24737,title,33,41,span_only_one_annotator,b_only,size,union_keep,,
24967,desc,99,121,span_only_one_annotator,b_only,size,union_keep,,
24967,desc,154,167,span_only_one_annotator,b_only,design,union_keep,,
24967,desc,184,254,span_only_one_annotator,b_only,size,union_keep,,
24967,desc,263,271,span_only_one_annotator,b_only,color,union_keep,,
24967,desc,271,281,span_only_one_annotator,b_only,design,union_keep,,
24967,desc,286,300,span_only_one_annotator,b_only,leak_resistance,union_keep,,
24967,desc,367,407,span_only_one_annotator,b_only,size,union_keep,,
24967,desc,425,491,span_only_one_annotator,b_only,material,union_keep,,
24967,review,57,76,span_only_one_annotator,b_only,overall,union_keep,,
24967,review,220,266,span_only_one_annotator,b_only,performance,union_keep,,
24967,review,625,651,span_only_one_annotator,b_only,overall,union_keep,,
24967,review,864,894,span_only_one_annotator,b_only,overall,union_keep,,
25026,title,41,78,span_only_one_annotator,b_only,quantity,union_keep,,
25026,desc,0,39,span_only_one_annotator,b_only,compatibility,union_keep,,
25026,desc,40,205,span_only_one_annotator,b_only,quantity,union_keep,,
25026,desc,206,256,span_only_one_annotator,a_only,quantity,union_keep,,
25201,desc,248,263,span_only_one_annotator,a_only,ease_of_use,union_keep,,
25201,desc,469,487,span_only_one_annotator,a_only,ease_of_use,union_keep,,
25298,desc,165,177,span_only_one_annotator,b_only,size,union_keep,,
25298,desc,391,398,span_only_one_annotator,b_only,size,union_keep,,
25298,review,33,55,span_only_one_annotator,b_only,waterproofing,union_keep,,
25298,review,41,55,span_only_one_annotator,a_only,waterproofing,union_keep,,
25298,review,66,81,label_conflict,,durability,prefer_more_frequent,durability,build_quality
25298,review,325,355,label_conflict,,durability,prefer_more_frequent,durability,build_quality
25332,review,102,190,span_only_one_annotator,b_only,waterproofing,union_keep,,
25332,review,144,189,span_only_one_annotator,a_only,durability,union_keep,,
25354,desc,210,235,span_only_one_annotator,a_only,portability,union_keep,,
25354,desc,220,228,span_only_one_annotator,b_only,portability,union_keep,,
25354,desc,717,728,span_only_one_annotator,b_only,portability,union_keep,,
25354,desc,717,735,span_only_one_annotator,a_only,portability,union_keep,,
25354,review,159,200,span_only_one_annotator,b_only,overall,union_keep,,
25487,title,62,73,span_only_one_annotator,b_only,design,union_keep,,
25487,title,78,94,span_only_one_annotator,b_only,design,union_keep,,
25696,desc,176,198,span_only_one_annotator,b_only,ease_of_use,union_keep,,
25696,desc,176,222,span_only_one_annotator,a_only,ease_of_use,union_keep,,
25696,desc,227,254,span_only_one_annotator,b_only,environmental_impact,union_keep,,
25696,desc,300,349,span_only_one_annotator,a_only,ease_of_use,union_keep,,
25696,desc,320,330,span_only_one_annotator,b_only,ease_of_use,union_keep,,
25696,desc,357,410,span_only_one_annotator,a_only,durability,union_keep,,
25696,desc,412,445,span_only_one_annotator,a_only,waterproofing,union_keep,,
25696,desc,412,445,span_only_one_annotator,a_only,build_quality,union_keep,,
25696,desc,421,445,span_only_one_annotator,b_only,durability,union_keep,,
25696,desc,421,445,span_only_one_annotator,b_only,waterproofing,union_keep,,
25696,desc,470,483,label_conflict,,material,prefer_more_frequent,material,build_quality
25696,desc,488,554,span_only_one_annotator,a_only,performance,union_keep,,
25696,desc,508,514,span_only_one_annotator,b_only,material,union_keep,,
25696,desc,559,576,span_only_one_annotator,b_only,performance,union_keep,,
25696,desc,559,612,span_only_one_annotator,a_only,ease_of_use,union_keep,,
25696,desc,650,666,span_only_one_annotator,b_only,ease_of_use,union_keep,,
25808,title,8,37,span_only_one_annotator,a_only,capacity,union_keep,,
25880,desc,39,53,span_only_one_annotator,a_only,design,union_keep,,
25880,desc,104,119,span_only_one_annotator,a_only,size,union_keep,,
25880,desc,191,205,label_conflict,,size,prefer_more_frequent,material,size
25880,desc,207,263,span_only_one_annotator,a_only,durability,union_keep,,
25880,desc,240,263,span_only_one_annotator,b_only,adjustability,union_keep,,
25880,desc,270,281,span_only_one_annotator,b_only,comfort,union_keep,,
25880,desc,312,322,span_only_one_annotator,b_only,material,union_keep,,
25880,desc,405,424,span_only_one_annotator,b_only,durability,union_keep,,
25880,review,0,9,label_conflict,,design,prefer_more_frequent,design,overall
26132,desc,469,482,span_only_one_annotator,b_only,ease_of_use,union_keep,,
26132,desc,497,533,span_only_one_annotator,a_only,ease_of_use,union_keep,,
26132,review,0,26,span_only_one_annotator,b_only,overall,union_keep,,
26228,desc,240,272,span_only_one_annotator,b_only,ease_of_use,union_keep,,
26228,desc,282,302,span_only_one_annotator,a_only,ease_of_use,union_keep,,
26228,desc,334,341,span_only_one_annotator,b_only,durability,union_keep,,
26228,desc,334,369,span_only_one_annotator,a_only,material,union_keep,,
26228,desc,342,369,span_only_one_annotator,b_only,material,union_keep,,
26228,desc,497,533,span_only_one_annotator,a_only,ease_of_use,union_keep,,
26228,desc,535,585,label_conflict,,power,prefer_non_generic,performance,power
26527,title,24,55,span_only_one_annotator,a_only,size,union_keep,,
26675,title,24,55,span_only_one_annotator,a_only,portability,union_keep,,
26675,title,37,45,span_only_one_annotator,b_only,portability,union_keep,,
26675,desc,23,35,span_only_one_annotator,b_only,portability,union_keep,,
26675,desc,240,272,span_only_one_annotator,b_only,ease_of_use,union_keep,,
26675,desc,240,302,span_only_one_annotator,a_only,ease_of_use,union_keep,,
26675,desc,497,533,span_only_one_annotator,a_only,performance,union_keep,,
26675,desc,535,585,span_only_one_annotator,a_only,portability,union_keep,,
26675,desc,544,561,span_only_one_annotator,b_only,performance,union_keep,,
26675,desc,591,611,span_only_one_annotator,b_only,portability,union_keep,,
26800,title,24,35,span_only_one_annotator,a_only,design,union_keep,,
26800,desc,282,327,span_only_one_annotator,a_only,build_quality,union_keep,,
26800,desc,305,327,span_only_one_annotator,b_only,build_quality,union_keep,,
26800,desc,336,347,span_only_one_annotator,b_only,ease_of_use,union_keep,,
26800,desc,348,365,span_only_one_annotator,a_only,ease_of_use,union_keep,,
26800,desc,453,476,span_only_one_annotator,a_only,design,union_keep,,
26800,desc,477,553,span_only_one_annotator,b_only,ease_of_use,union_keep,,
26818,title,17,23,span_only_one_annotator,b_only,size,union_keep,,
26818,title,17,28,span_only_one_annotator,a_only,size,union_keep,,
26818,desc,71,85,span_only_one_annotator,a_only,comfort,union_keep,,
26818,desc,102,118,span_only_one_annotator,b_only,comfort,union_keep,,
26818,desc,282,327,span_only_one_annotator,a_only,durability,union_keep,,
26818,desc,305,327,span_only_one_annotator,b_only,performance,union_keep,,
26818,desc,453,476,span_only_one_annotator,a_only,portability,union_keep,,
26818,review,228,247,span_only_one_annotator,b_only,purchase_intent,union_keep,,
26880,title,8,15,span_only_one_annotator,b_only,ease_of_use,union_keep,,
26880,review,74,111,span_only_one_annotator,a_only,size,union_keep,,
26954,title,17,19,span_only_one_annotator,b_only,temperature_rating,union_keep,,
26954,title,20,38,span_only_one_annotator,b_only,size,union_keep,,
26954,desc,108,112,span_only_one_annotator,b_only,temperature_rating,union_keep,,
26994,title,0,28,span_only_one_annotator,a_only,size,union_keep,,
26994,title,8,16,span_only_one_annotator,b_only,size,union_keep,,
26994,desc,332,354,span_only_one_annotator,a_only,ventilation,union_keep,,
26994,desc,412,423,span_only_one_annotator,b_only,ventilation,union_keep,,
26994,desc,615,626,span_only_one_annotator,b_only,weight,union_keep,,
26994,desc,615,647,span_only_one_annotator,a_only,weight,union_keep,,
26994,desc,631,647,span_only_one_annotator,b_only,portability,union_keep,,
27075,title,8,16,span_only_one_annotator,b_only,size,union_keep,,
27202,desc,617,630,span_only_one_annotator,b_only,runtime,union_keep,,
27202,desc,617,709,span_only_one_annotator,a_only,ease_of_use,union_keep,,
27202,desc,632,708,span_only_one_annotator,b_only,material,union_keep,,
27202,desc,718,732,label_conflict,,material,prefer_more_frequent,material,ease_of_cleaning
27202,review,0,30,span_only_one_annotator,a_only,size,union_keep,,
27335,title,0,37,span_only_one_annotator,a_only,size,union_keep,,
27335,title,8,14,span_only_one_annotator,b_only,size,union_keep,,
27335,desc,76,82,span_only_one_annotator,b_only,size,union_keep,,
27335,desc,192,213,span_only_one_annotator,a_only,design,union_keep,,
27335,desc,201,213,span_only_one_annotator,b_only,storage,union_keep,,
27335,desc,262,284,span_only_one_annotator,a_only,design,union_keep,,
27335,desc,392,407,span_only_one_annotator,a_only,material,union_keep,,
27335,desc,411,422,span_only_one_annotator,b_only,odor_resistance,union_keep,,
27335,desc,451,464,label_conflict,,ease_of_use,prefer_more_frequent,ease_of_use,ease_of_cleaning
27401,title,121,131,span_only_one_annotator,b_only,quantity,union_keep,,
27491,title,121,131,span_only_one_annotator,b_only,size,union_keep,,
27491,desc,125,138,span_only_one_annotator,b_only,size,union_keep,,
27584,review,29,42,label_conflict,,build_quality,prefer_non_generic,build_quality,overall
27584,review,44,52,label_conflict,,design,prefer_more_frequent,design,overall
27744,desc,249,258,span_only_one_annotator,b_only,adjustability,union_keep,,
27744,desc,368,383,span_only_one_annotator,a_only,build_quality,union_keep,,
27744,desc,391,413,span_only_one_annotator,b_only,build_quality,union_keep,,
27744,desc,422,439,span_only_one_annotator,a_only,ease_of_use,union_keep,,
27744,desc,544,572,span_only_one_annotator,a_only,ease_of_use,union_keep,,
27744,desc,595,649,span_only_one_annotator,b_only,ease_of_use,union_keep,,
27744,review,0,14,span_only_one_annotator,b_only,size,union_keep,,
27744,review,0,34,span_only_one_annotator,a_only,size,union_keep,,
27991,review,0,25,label_conflict,,ease_of_use,prefer_more_frequent,ease_of_use,portability
27991,review,34,134,span_only_one_annotator,b_only,material,union_keep,,
27991,review,56,134,span_only_one_annotator,a_only,material,union_keep,,
28109,desc,113,142,label_conflict,,size,prefer_more_frequent,size,capacity
28109,desc,143,156,span_only_one_annotator,a_only,ease_of_use,union_keep,,
28109,desc,143,178,span_only_one_annotator,b_only,comfort,union_keep,,
28109,desc,330,351,label_conflict,,storage,prefer_non_generic,design,storage
28109,desc,400,424,span_only_one_annotator,a_only,design,union_keep,,
28109,desc,400,424,span_only_one_annotator,a_only,ease_of_use,union_keep,,
28109,desc,400,424,span_only_one_annotator,a_only,design,union_keep,,
28109,desc,468,512,span_only_one_annotator,a_only,durability,union_keep,,
28109,desc,468,512,span_only_one_annotator,a_only,material,union_keep,,
28109,desc,468,579,span_only_one_annotator,b_only,odor_resistance,union_keep,,
28109,desc,532,547,span_only_one_annotator,a_only,material,union_keep,,
28109,desc,551,579,span_only_one_annotator,a_only,durability,union_keep,,
28109,desc,581,618,span_only_one_annotator,b_only,ease_of_cleaning,union_keep,,
28109,desc,591,618,span_only_one_annotator,a_only,ease_of_use,union_keep,,
28109,desc,591,618,span_only_one_annotator,a_only,ease_of_use,union_keep,,
28109,review,22,34,label_conflict,,ease_of_use,prefer_more_frequent,ease_of_use,waterproofing
28109,review,36,60,label_conflict,,comfort,prefer_non_generic,performance,comfort
28199,title,54,63,span_only_one_annotator,b_only,size,union_keep,,
28303,title,24,31,span_only_one_annotator,b_only,portability,union_keep,,
28303,title,24,38,span_only_one_annotator,a_only,portability,union_keep,,
28303,desc,396,435,span_only_one_annotator,a_only,durability,union_keep,,
28303,desc,412,446,span_only_one_annotator,b_only,durability,union_keep,,
28303,desc,412,446,span_only_one_annotator,b_only,ease_of_use,union_keep,,
28303,desc,494,504,span_only_one_annotator,b_only,weight,union_keep,,
28303,desc,494,511,span_only_one_annotator,a_only,portability,union_keep,,
28303,desc,547,570,label_conflict,,ease_of_use,prefer_more_frequent,ease_of_use,durability
28303,desc,641,720,span_only_one_annotator,a_only,performance,union_keep,,
28303,desc,692,720,span_only_one_annotator,b_only,ease_of_use,union_keep,,
28303,desc,808,851,label_conflict,,material,prefer_non_generic,material,performance
28303,desc,912,952,span_only_one_annotator,a_only,durability,union_keep,,
28303,desc,935,952,span_only_one_annotator,b_only,material,union_keep,,
28303,desc,1006,1072,span_only_one_annotator,a_only,ease_of_use,union_keep,,
28303,desc,1030,1072,span_only_one_annotator,b_only,durability,union_keep,,
28757,desc,443,471,span_only_one_annotator,b_only,ease_of_use,union_keep,,
28757,desc,443,524,span_only_one_annotator,a_only,ease_of_use,union_keep,,
28757,desc,860,914,span_only_one_annotator,a_only,design,union_keep,,
28757,desc,915,974,span_only_one_annotator,a_only,design,union_keep,,
28757,desc,962,974,span_only_one_annotator,b_only,ease_of_use,union_keep,,
28757,desc,980,1011,label_conflict,,portability,prefer_non_generic,portability,design
28757,desc,1018,1036,span_only_one_annotator,b_only,performance,union_keep,,
28757,desc,1138,1223,span_only_one_annotator,b_only,portability,union_keep,,
28775,title,8,16,span_only_one_annotator,b_only,size,union_keep,,
28882,review,0,20,sentiment_conflict,,positive,prefer_polar_over_neutral,neutral,positive
28978,title,13,20,span_only_one_annotator,b_only,material,union_keep,,
28978,desc,107,128,label_conflict,,durability,prefer_more_frequent,build_quality,durability
28978,desc,153,190,span_only_one_annotator,a_only,size,union_keep,,
28978,desc,172,190,span_only_one_annotator,b_only,size,union_keep,,
28978,desc,360,392,label_conflict,,adjustability,prefer_non_generic,adjustability,design
28978,desc,426,457,span_only_one_annotator,a_only,material,union_keep,,
28978,desc,437,448,span_only_one_annotator,b_only,adjustability,union_keep,,
28978,desc,549,577,span_only_one_annotator,a_only,ease_of_cleaning,union_keep,,
28978,desc,560,570,span_only_one_annotator,b_only,material,union_keep,,
28978,desc,701,740,span_only_one_annotator,a_only,portability,union_keep,,
28978,desc,713,729,span_only_one_annotator,b_only,ease_of_cleaning,union_keep,,
28978,desc,796,860,span_only_one_annotator,a_only,runtime,union_keep,,
28978,desc,828,860,span_only_one_annotator,b_only,portability,union_keep,,
28978,desc,865,889,label_conflict,,runtime,prefer_more_frequent,power,runtime
28978,desc,940,983,span_only_one_annotator,b_only,power,union_keep,,
29015,title,37,43,span_only_one_annotator,b_only,size,union_keep,,
29350,review,9,77,span_only_one_annotator,b_only,ease_of_use,union_keep,,
29350,review,53,77,span_only_one_annotator,a_only,ease_of_use,union_keep,,
29350,review,53,77,span_only_one_annotator,a_only,ease_of_use,union_keep,,
29350,review,185,260,span_only_one_annotator,a_only,ease_of_use,union_keep,,
29350,review,185,260,span_only_one_annotator,a_only,ease_of_use,union_keep,,
29350,review,191,260,span_only_one_annotator,b_only,ease_of_use,union_keep,,
29350,review,295,319,span_only_one_annotator,a_only,ease_of_use,union_keep,,
29350,review,329,365,span_only_one_annotator,a_only,brand_trust,union_keep,,
29350,review,435,484,span_only_one_annotator,a_only,customer_service,union_keep,,
29350,review,496,539,span_only_one_annotator,b_only,customer_service,union_keep,,
29455,title,21,29,span_only_one_annotator,b_only,size,union_keep,,
29455,title,40,58,span_only_one_annotator,b_only,waterproofing,union_keep,,
29530,review,3,31,span_only_one_annotator,b_only,size,union_keep,,
29530,review,27,31,span_only_one_annotator,a_only,size,union_keep,,
29691,review,1340,1372,span_only_one_annotator,a_only,ease_of_use,union_keep,,
29691,review,1375,1387,span_only_one_annotator,b_only,price,union_keep,,
29709,review,979,998,span_only_one_annotator,a_only,size,union_keep,,
29709,review,1030,1054,span_only_one_annotator,b_only,size,union_keep,,
29709,review,1433,1531,label_conflict,,privacy,prefer_non_generic,design,privacy
29709,review,2407,2491,span_only_one_annotator,b_only,weight,union_keep,,
29709,review,2432,2458,span_only_one_annotator,a_only,weight,union_keep,,
30460,desc,258,315,span_only_one_annotator,a_only,ease_of_use,union_keep,,
30460,desc,284,297,span_only_one_annotator,b_only,ease_of_use,union_keep,,
30460,review,0,29,span_only_one_annotator,a_only,performance,union_keep,,
30460,review,9,18,span_only_one_annotator,b_only,weight,union_keep,,
30460,review,31,42,label_conflict,,ease_of_use,prefer_more_frequent,weight,ease_of_use
30460,review,60,111,label_conflict,,ease_of_use,prefer_more_frequent,ease_of_use,price
30460,review,113,124,span_only_one_annotator,a_only,price,union_keep,,
30510,review,211,254,label_conflict,,durability,prefer_non_generic,performance,durability
30510,review,302,418,span_only_one_annotator,a_only,durability,union_keep,,
30631,desc,36,41,span_only_one_annotator,b_only,quantity,union_keep,,
30631,desc,36,57,span_only_one_annotator,a_only,battery_type,union_keep,,
30631,desc,59,87,label_conflict,,included_items,prefer_more_frequent,included_items,battery_type
30631,review,11,22,span_only_one_annotator,b_only,overall,union_keep,,
30738,title,33,49,span_only_one_annotator,b_only,color,union_keep,,
30903,title,32,60,span_only_one_annotator,b_only,design,union_keep,,
30903,review,92,140,sentiment_conflict,,negative,prefer_polar_over_neutral,neutral,negative
30903,review,360,526,span_only_one_annotator,a_only,storage,union_keep,,
30903,review,428,452,span_only_one_annotator,b_only,ease_of_use,union_keep,,
30903,review,614,672,span_only_one_annotator,b_only,ease_of_use,union_keep,,
30903,review,798,833,span_only_one_annotator,b_only,storage,union_keep,,
30957,title,0,24,span_only_one_annotator,a_only,material,union_keep,,
30957,title,8,24,span_only_one_annotator,b_only,material,union_keep,,
31090,review,415,454,span_only_one_annotator,b_only,durability,union_keep,,
31090,review,467,484,span_only_one_annotator,a_only,durability,union_keep,,
31294,title,54,80,span_only_one_annotator,b_only,design,union_keep,,
